<?xml version="1.0" encoding="UTF-8"?>
<databaseChangeLog
        xmlns="http://www.liquibase.org/xml/ns/dbchangelog"
        xmlns:xsi="http://www.w3.org/2001/XMLSchema-instance"
        xsi:schemaLocation="http://www.liquibase.org/xml/ns/dbchangelog
        https://www.liquibase.org/xml/ns/dbchangelog/dbchangelog-4.2.xsd">
    <changeSet id="0002-1" author="Grzegorz">
        <createTable tableName="forum">
            <column name="id" type="BIGINT" autoIncrement="true">
                <constraints nullable="false" primaryKey="true"/>
            </column>
            <column name="user_id" type="BIGINT">
                <constraints nullable="false"
                    foreignKeyName="fk_forum_user"
                    referencedTableName="users"
                    referencedColumnNames="id"/>
            </column>
            <column name="comments_number" type="INT">
                <constraints nullable="false"/>
            </column>
            <column name="title" type="VARCHAR(300)">
                <constraints nullable="false" unique="true"/>
            </column>
            <column name="content" type="VARCHAR(1000)">
                <constraints nullable="false"/>
            </column>
            <column name="created_at" type="DATETIME">
                <constraints nullable="false"/>
            </column>
            <column name="car_id" type="BIGINT">
                <constraints nullable="false"
                             foreignKeyName="fk_forum_car"
                             referencedTableName="car"
                             referencedColumnNames="id"/>
            </column>
        </createTable>
    </changeSet>

</databaseChangeLog>