<?xml version="1.0" encoding="UTF-8"?>
<databaseChangeLog
        xmlns="http://www.liquibase.org/xml/ns/dbchangelog"
        xmlns:xsi="http://www.w3.org/2001/XMLSchema-instance"
        xsi:schemaLocation="http://www.liquibase.org/xml/ns/dbchangelog
        https://www.liquibase.org/xml/ns/dbchangelog/dbchangelog-4.2.xsd">
    <changeSet id="0003-1" author="Grzegorz">
        <createTable tableName="post">
            <column name="id" type="BIGINT" autoIncrement="true">
                <constraints nullable="false" primaryKey="true"/>
            </column>
            <column name="content" type="VARCHAR(2000)">
                <constraints nullable="false"/>
            </column>
            <column name="posted_at" type="DATETIME">
                <constraints nullable="false"/>
            </column>
            <column name="is_liked" type="BOOLEAN">
                <constraints nullable="false"/>
            </column>
            <column name="user_id" type="BIGINT">
                <constraints nullable="false"
                             foreignKeyName="fk_post_user"
                             referencedTableName="users"
                             referencedColumnNames="id"/>
            </column>
            <column name="likes_number" type="INT">
                <constraints nullable="false"/>
            </column>
            <column name="comments_number" type="INT">
                <constraints nullable="false"/>
            </column>
        </createTable>

        <createTable tableName="file">
            <column name="id" type="BIGINT" autoIncrement="true">
                <constraints nullable="false" primaryKey="true"/>
            </column>
            <column name="file_url" type="VARCHAR(100)"/>
            <column name="post_id" type="BIGINT">
                <constraints nullable="true"
                             foreignKeyName="fk_file_post"
                             referencedTableName="post"
                             referencedColumnNames="id"/>
            </column>
            <column name="user_id" type="BIGINT">
                <constraints nullable="true"
                             foreignKeyName="fk_file_users"
                             referencedTableName="users"
                             referencedColumnNames="id"/>
            </column>
            <column name="event_id" type="BIGINT">
                <constraints nullable="true"
                             foreignKeyName="fk_file_event"
                             referencedTableName="event"
                             referencedColumnNames="id"/>
            </column>
        </createTable>
    </changeSet>

</databaseChangeLog>