<?xml version="1.0" encoding="UTF-8"?>
<databaseChangeLog
        xmlns="http://www.liquibase.org/xml/ns/dbchangelog"
        xmlns:xsi="http://www.w3.org/2001/XMLSchema-instance"
        xsi:schemaLocation="http://www.liquibase.org/xml/ns/dbchangelog
        https://www.liquibase.org/xml/ns/dbchangelog/dbchangelog-4.2.xsd">
        <changeSet id="0005-1" author="Grzegorz">
            <createTable tableName="article">
                <column name="id" type="BIGINT" autoIncrement="true">
                    <constraints nullable="false" primaryKey="true"/>
                </column>
                <column name="title" type="VARCHAR(255)">
                    <constraints nullable="false" unique="true"/>
                </column>
                <column name="content" type="VARCHAR(20000)">
                    <constraints nullable="false"/>
                </column>
                <column name="published_at" type="DATETIME">
                    <constraints nullable="false"/>
                </column>
                <column name="is_liked" type="BOOLEAN">
                    <constraints nullable="false"/>
                </column>
                <column name="likes_number" type="INT">
                    <constraints nullable="false"/>
                </column>
                <column name="approved" type="BOOLEAN">
                    <constraints nullable="false"/>
                </column>
                <column name="user_id" type="BIGINT">
                    <constraints nullable="false"
                                 foreignKeyName="fk_article_user"
                                 referencedTableName="users"
                                 referencedColumnNames="id"/>
                </column>
            </createTable>
        </changeSet>
</databaseChangeLog>