<?xml version="1.0" encoding="UTF-8"?>
<databaseChangeLog
        xmlns="http://www.liquibase.org/xml/ns/dbchangelog"
        xmlns:xsi="http://www.w3.org/2001/XMLSchema-instance"
        xsi:schemaLocation="http://www.liquibase.org/xml/ns/dbchangelog
        https://www.liquibase.org/xml/ns/dbchangelog/dbchangelog-4.2.xsd">
        <changeSet id="0004-1" author="Grzegorz">
            <createTable tableName="likes">
                <column name="id" type="BIGINT" autoIncrement="true">
                    <constraints nullable="false" primaryKey="true"/>
                </column>
                <column name="user_id" type="BIGINT">
                    <constraints nullable="false"
                                 foreignKeyName="fk_like_user"
                                 referencedTableName="users"
                                 referencedColumnNames="id"/>
                </column>
                <column name="post_id" type="BIGINT">
                    <constraints nullable="true"
                                 foreignKeyName="fk_like_post"
                                 referencedTableName="post"
                                 referencedColumnNames="id"/>
                </column>
                <column name="article_id" type="BIGINT">
                    <constraints nullable="true"
                                 foreignKeyName="fk_like_article"
                                 referencedTableName="article"
                                 referencedColumnNames="id"/>
                </column>
            </createTable>
        </changeSet>
</databaseChangeLog>