<?xml version="1.0" encoding="UTF-8"?>
<databaseChangeLog
        xmlns="http://www.liquibase.org/xml/ns/dbchangelog"
        xmlns:xsi="http://www.w3.org/2001/XMLSchema-instance"
        xsi:schemaLocation="http://www.liquibase.org/xml/ns/dbchangelog
        https://www.liquibase.org/xml/ns/dbchangelog/dbchangelog-4.2.xsd">
        <changeSet id="0006-1" author="Grzegorz">
            <createTable tableName="comment">
                <column name="id" type="BIGINT" autoIncrement="true">
                    <constraints nullable="false" primaryKey="true"/>
                </column>
                <column name="content" type="VARCHAR(1000)">
                    <constraints nullable="false"/>
                </column>
                <column name="commented_at" type="DATETIME"/>
                <column name="user_id" type="BIGINT">
                    <constraints nullable="false"
                                 foreignKeyName="fk_comment_user"
                                 referencedTableName="users"
                                 referencedColumnNames="id"/>
                </column>
                <column name="post_id" type="BIGINT">
                    <constraints nullable="true"
                                 foreignKeyName="fk_comment_post"
                                 referencedTableName="post"
                                 referencedColumnNames="id"/>
                </column>
                <column name="forum_id" type="BIGINT">
                    <constraints nullable="true"
                                 foreignKeyName="fk_comment_forum"
                                 referencedTableName="forum"
                                 referencedColumnNames="id"/>
                </column>
            </createTable>
        </changeSet>
</databaseChangeLog>