<?xml version="1.0" encoding="UTF-8"?>
<databaseChangeLog
        xmlns="http://www.liquibase.org/xml/ns/dbchangelog"
        xmlns:xsi="http://www.w3.org/2001/XMLSchema-instance"
        xsi:schemaLocation="http://www.liquibase.org/xml/ns/dbchangelog
        https://www.liquibase.org/xml/ns/dbchangelog/dbchangelog-4.2.xsd">
    <changeSet id="0008-1" author="Grzegorz">
        <createTable tableName="friendship">
            <column name="id" type="BIGINT" autoIncrement="true">
                <constraints nullable="false" primaryKey="true"/>
            </column>
            <column name="first_user_id" type="BIGINT">
                <constraints nullable="false"
                             foreignKeyName="fk_friendship_first_user"
                             referencedTableName="users"
                             referencedColumnNames="id"/>
            </column>
            <column name="second_user_id" type="BIGINT">
                <constraints nullable="false"
                             foreignKeyName="fk_invitation_second_user"
                             referencedTableName="users"
                             referencedColumnNames="id"/>
            </column>
        </createTable>
    </changeSet>
</databaseChangeLog>