<?xml version="1.0" encoding="UTF-8"?>
<databaseChangeLog
        xmlns="http://www.liquibase.org/xml/ns/dbchangelog"
        xmlns:xsi="http://www.w3.org/2001/XMLSchema-instance"
        xsi:schemaLocation="http://www.liquibase.org/xml/ns/dbchangelog
        https://www.liquibase.org/xml/ns/dbchangelog/dbchangelog-4.2.xsd">
    <changeSet id="0009-1" author="Grzegorz">
        <createTable tableName="event">
            <column name="id" type="BIGINT" autoIncrement="true">
                <constraints nullable="false" primaryKey="true"/>
            </column>
            <column name="title" type="VARCHAR(100)">
                <constraints nullable="false"/>
            </column>
            <column name="city" type="VARCHAR(50)">
                <constraints nullable="false"/>
            </column>
            <column name="event_date" type="DATETIME">
                <constraints nullable="false"/>
            </column>
            <column name="description" type="VARCHAR(1000)">
                <constraints nullable="false"/>
            </column>
            <column name="user_id" type="BIGINT">
                <constraints nullable="false"
                             foreignKeyName="fk_event_user"
                             referencedTableName="users"
                             referencedColumnNames="id"/>
            </column>
        </createTable>
    </changeSet>
</databaseChangeLog>