<?xml version="1.0" encoding="UTF-8"?>
<databaseChangeLog
        xmlns="http://www.liquibase.org/xml/ns/dbchangelog"
        xmlns:xsi="http://www.w3.org/2001/XMLSchema-instance"
        xsi:schemaLocation="http://www.liquibase.org/xml/ns/dbchangelog
        https://www.liquibase.org/xml/ns/dbchangelog/dbchangelog-4.2.xsd">
    <changeSet id="0010-1" author="Grzegorz">
        <createTable tableName="car">
            <column name="id" type="BIGINT" autoIncrement="true">
                <constraints nullable="false" primaryKey="true"/>
            </column>
            <column name="brand" type="VARCHAR(50)">
                <constraints nullable="false"/>
            </column>
            <column name="model" type="VARCHAR(50)">
                <constraints nullable="false" unique="false"/>
            </column>
        </createTable>
    </changeSet>
</databaseChangeLog>