<?xml version="1.0" encoding="UTF-8"?>
<databaseChangeLog
        xmlns="http://www.liquibase.org/xml/ns/dbchangelog"
        xmlns:xsi="http://www.w3.org/2001/XMLSchema-instance"
        xsi:schemaLocation="http://www.liquibase.org/xml/ns/dbchangelog
        https://www.liquibase.org/xml/ns/dbchangelog/dbchangelog-4.2.xsd">
    <changeSet id="0013-1" author="Grzegorz">
        <createTable tableName="message">
            <column name="id" type="BIGINT" autoIncrement="true">
                <constraints nullable="false" primaryKey="true"/>
            </column>
            <column name="sender_id" type="BIGINT">
                <constraints nullable="false"
                             foreignKeyName="fk_message_user_sender"
                             referencedTableName="users"
                             referencedColumnNames="id"/>
            </column>
            <column name="receiver_id" type="BIGINT">
                <constraints nullable="false"
                             foreignKeyName="fk_message_user_receiver"
                             referencedTableName="users"
                             referencedColumnNames="id"/>
            </column>
            <column name="channel_id" type="BIGINT">
                <constraints nullable="false"
                             foreignKeyName="fk_message_channel"
                             referencedTableName="channel"
                             referencedColumnNames="id"/>
            </column>
            <column name="message" type="VARCHAR(500)">
                <constraints nullable="false"/>
            </column>
            <column name="created_at" type="DATETIME">
                <constraints nullable="false"/>
            </column>
        </createTable>
    </changeSet>
</databaseChangeLog>