<?xml version="1.0" encoding="UTF-8"?>
<databaseChangeLog
        xmlns="http://www.liquibase.org/xml/ns/dbchangelog"
        xmlns:xsi="http://www.w3.org/2001/XMLSchema-instance"
        xsi:schemaLocation="http://www.liquibase.org/xml/ns/dbchangelog
        https://www.liquibase.org/xml/ns/dbchangelog/dbchangelog-4.2.xsd">
    <changeSet id="0015-1" author="Grzegorz">
        <createTable tableName="notification">
            <column name="id" type="BIGINT" autoIncrement="true">
                <constraints nullable="false" primaryKey="true"/>
            </column>
            <column name="user_triggered_id" type="BIGINT">
                <constraints nullable="false"
                             foreignKeyName="fk_notification_user_triggered"
                             referencedTableName="users"
                             referencedColumnNames="id"/>
            </column>
            <column name="receiver_id" type="BIGINT">
                <constraints nullable="false"
                             foreignKeyName="fk_notification_receiver"
                             referencedTableName="users"
                             referencedColumnNames="id"/>
            </column>
            <column name="content" type="VARCHAR(100)">
                <constraints nullable="false"/>
            </column>
            <column name="created_at" type="DATETIME">
                <constraints nullable="false"/>
            </column>
            <column name="is_read" type="BOOLEAN">
                <constraints nullable="false"/>
            </column>
            <column name="type" type="VARCHAR(50)">
                <constraints nullable="false"/>
            </column>
            <column name="entity_id" type="BIGINT">
                <constraints nullable="false"/>
            </column>
        </createTable>
    </changeSet>
</databaseChangeLog>