<?xml version="1.0" encoding="UTF-8"?>
<databaseChangeLog
        xmlns="http://www.liquibase.org/xml/ns/dbchangelog"
        xmlns:xsi="http://www.w3.org/2001/XMLSchema-instance"
        xsi:schemaLocation="http://www.liquibase.org/xml/ns/dbchangelog
        https://www.liquibase.org/xml/ns/dbchangelog/dbchangelog-4.2.xsd">
    <changeSet id="0016-1" author="Grzegorz">
        <createTable tableName="report">
            <column name="id" type="BIGINT" autoIncrement="true">
                <constraints nullable="false" primaryKey="true"/>
            </column>
            <column name="report_type_id" type="BIGINT">
                <constraints nullable="false"/>
            </column>
            <column name="report_type" type="VARCHAR(50)">
                <constraints nullable="false"/>
            </column>
            <column name="user_id" type="BIGINT">
                <constraints nullable="false"
                             foreignKeyName="fk_report_user"
                             referencedTableName="users"
                             referencedColumnNames="id"/>
            </column>
            <column name="is_read" type="BOOLEAN">
                <constraints nullable="false"/>
            </column>
        </createTable>
    </changeSet>
</databaseChangeLog>