<?xml version="1.0" encoding="UTF-8"?>
<databaseChangeLog
        xmlns="http://www.liquibase.org/xml/ns/dbchangelog"
        xmlns:xsi="http://www.w3.org/2001/XMLSchema-instance"
        xsi:schemaLocation="http://www.liquibase.org/xml/ns/dbchangelog
        https://www.liquibase.org/xml/ns/dbchangelog/dbchangelog-4.2.xsd">

    <include file="0010_create_table_car.xml" relativeToChangelogFile="true"/>
    <include file="0001_create_tables_user_and_role.xml" relativeToChangelogFile="true"/>
    <include file="0002_create_table_forum.xml" relativeToChangelogFile="true"/>
    <include file="0009_create_table_event.xml" relativeToChangelogFile="true"/>
    <include file="0003_create_table_post_and_file.xml" relativeToChangelogFile="true"/>
    <include file="0004_create_table_article.xml" relativeToChangelogFile="true"/>
    <include file="0005_create_table_like.xml" relativeToChangelogFile="true"/>
    <include file="0006_create_table_comment.xml" relativeToChangelogFile="true"/>
    <include file="0007_create_table_invitation.xml" relativeToChangelogFile="true"/>
    <include file="0008_create_table_friendship.xml" relativeToChangelogFile="true"/>
    <include file="0011_create_table_saved_article.xml" relativeToChangelogFile="true"/>
    <include file="0012_create_table_saved_forum.xml" relativeToChangelogFile="true"/>
    <include file="0014_create_table_channel.xml" relativeToChangelogFile="true"/>
    <include file="0013_create_table_message.xml" relativeToChangelogFile="true"/>
    <include file="0015_create_table_notification.xml" relativeToChangelogFile="true"/>
    <include file="0016_create_table_report.xml" relativeToChangelogFile="true"/>


    <include file="../testdata/0001_user_and_role.sql" relativeToChangelogFile="true" context="dev"/>
    <include file="../testdata/0004_post.sql" relativeToChangelogFile="true" context="dev"/>
    <include file="../testdata/0007_event.sql" relativeToChangelogFile="true" context="dev"/>
    <include file="../testdata/0002_file.sql" relativeToChangelogFile="true" context="dev"/>
    <include file="../testdata/0003_car.sql" relativeToChangelogFile="true" context="dev"/>
    <include file="../testdata/0005_forum.sql" relativeToChangelogFile="true" context="dev"/>
    <include file="../testdata/0006_article.sql" relativeToChangelogFile="true" context="dev"/>
<!--    <include file="../testdata/0008_channel.sql" relativeToChangelogFile="true" context="dev"/>-->
<!--    <include file="../testdata/0009_message.sql" relativeToChangelogFile="true" context="dev"/>-->
<!--    <include file="../testdata/0010_friendship.sql" relativeToChangelogFile="true" context="dev"/>-->

</databaseChangeLog>